,Product_en,Category_en,Agriculture,iLUC,Processing,Packaging,Transport,Retail,Total_CO2_eq/kg,Energy_KJ,Fat_g,Carb_g,Protein_g
0,"Pepper, sweet, red, raw",Vegetables,0.25,0.03,0.0,0.14,0.58,0.01,1.02,133.0,0.1,5.2,0.9
1,"Tomato, ripe, raw, origin unknown",Vegetables,0.07,0.01,0.0,0.14,0.48,0.01,0.7,87.0,0.1,3.2,0.8
2,"Squash, raw",Vegetables,0.14,0.04,0.0,0.06,0.58,0.01,0.83,81.0,0.2,2.4,1.4
3,"Aubergine, raw",Vegetables,0.16,0.02,0.0,0.14,0.65,0.01,0.97,83.0,0.1,3.1,0.9
4,"Tomato, dried",Vegetables,0.91,0.09,-0.0,0.26,0.68,0.01,1.95,1187.0,3.0,43.5,14.1
5,"Pumpkin, raw",Vegetables,0.14,0.04,0.0,0.06,0.58,0.01,0.83,75.0,0.1,3.3,0.6
6,"Cucumber, raw",Vegetables,0.05,0.01,0.0,0.14,0.35,0.01,0.56,50.0,0.0,1.6,0.7
7,"Gherkin cucumber, raw",Vegetables,0.05,0.01,0.0,0.14,0.35,0.01,0.56,70.0,0.1,2.1,1.2
8,"Pepper, hot chili, raw",Vegetables,0.25,0.03,0.0,0.14,0.58,0.01,1.02,187.0,0.2,7.7,2.0
9,"Beef, topside, cap off, raw",Meat/poultry,39.65,7.68,-2.41,0.14,0.63,0.0,45.69,472.0,2.5,0.0,22.3
10,"Beef, fillet, defatted, raw",Meat/poultry,133.45,25.85,-8.11,0.14,0.63,0.0,151.95,576.0,6.4,0.0,20.0
11,"Beef, mince, 10-15% fat, raw",Meat/poultry,28.58,5.46,-1.78,0.14,0.12,0.0,32.51,687.0,9.7,0.0,19.4
12,"Beef, rump, raw",Meat/poultry,39.65,7.68,-2.41,0.14,0.63,0.0,45.69,879.0,14.9,0.0,19.3
13,"Beef, mince, 15-20% fat, raw",Meat/poultry,26.9,5.16,-1.47,0.14,0.12,0.0,30.84,903.0,16.2,0.0,17.8
14,"Beef, T-bone steak, raw",Meat/poultry,70.72,13.7,-4.3,0.14,0.63,0.0,80.89,878.0,14.4,0.0,20.3
15,"Beef, mince, 5-10% fat, raw",Meat/poultry,30.26,5.75,-2.09,0.14,0.12,0.0,34.19,683.0,9.5,0.0,19.5
16,"Beer, lager, alc. 4.4 % by vol.",Beverages,0.07,0.05,0.24,0.16,0.07,0.01,0.6,152.0,0.0,2.7,0.3
17,"Beer, Danish household, low alcohol",Beverages,0.07,0.05,0.24,0.16,0.07,0.01,0.6,189.0,0.0,8.6,0.3
18,"Beer, strong, alc. 7.6 % by vol.",Beverages,0.07,0.05,0.24,0.16,0.07,0.01,0.6,260.0,0.0,4.6,0.4
19,"Biscuit, sweet",Bread/bakery products,0.59,0.12,1.22,0.67,0.14,0.01,2.75,1834.0,10.6,72.5,7.7
20,"Biscuit, wholemeal, digestive type",Bread/bakery products,0.54,0.14,1.23,0.67,0.14,0.01,2.73,1931.0,16.5,66.5,7.1
21,"Butter cookie, wheat, Danish, industrially produced",Bread/bakery products,0.63,0.14,1.42,0.67,0.11,0.01,2.98,2174.0,27.1,61.7,5.4
22,American inspired cookie,Bread/bakery products,0.54,0.14,1.23,0.67,0.14,0.01,2.73,2139.0,26.5,58.4,5.9
23,Granola bar,Bread/bakery products,1.2,0.43,0.45,0.67,0.13,0.01,2.88,1830.0,15.0,57.8,6.7
24,Wafer sticks,Bread/bakery products,1.38,0.11,0.21,0.22,0.16,0.01,2.1,2133.0,25.7,63.0,4.6
25,Bread-crumbs,Bread/bakery products,0.58,0.07,0.42,0.04,0.14,0.01,1.26,1488.0,1.5,69.8,11.6
26,"Crispbread, knackebrot, rye, coarse",Bread/bakery products,0.41,0.05,0.42,0.04,0.14,0.01,1.08,1449.0,2.0,61.0,10.2
27,"Wheat bread, for toasting, industrially produced",Bread/bakery products,0.38,0.04,0.16,0.04,0.1,0.01,0.74,1077.0,2.8,47.0,8.7
28,"Bread, white, for sausages",Bread/bakery products,0.38,0.04,0.16,0.04,0.1,0.01,0.74,1065.0,3.8,43.1,9.5
29,"Bread, white, roll, coarse grain",Bread/bakery products,0.38,0.04,0.16,0.04,0.1,0.01,0.74,1207.0,4.0,49.4,10.5
30,"Rye bread, dark, whole grains, industrially produced",Bread/bakery products,0.27,0.03,0.17,0.04,0.09,0.01,0.62,843.0,1.4,36.5,5.5
31,"Rye bread crumbs with brown sugar, average values",Bread/bakery products,0.83,-0.01,0.55,0.04,0.14,0.01,1.56,1473.0,2.0,71.2,6.5
32,"Corn flakes, average values",Cereal/grain/pulse products,0.43,0.02,0.37,0.58,0.11,0.01,1.51,1586.0,1.4,82.0,7.5
33,"Breakfast cereal, müsli, average values",Cereal/grain/pulse products,0.54,0.14,0.38,0.58,0.11,0.01,1.76,1704.0,11.1,56.0,10.1
34,"Breakfast cereal, Guldkorn",Cereal/grain/pulse products,0.75,0.05,0.61,0.58,0.11,0.01,2.12,1638.0,1.3,78.1,7.2
35,"Breakfast cereal, Havrefras",Cereal/grain/pulse products,0.44,0.12,0.43,0.58,0.11,0.01,1.7,1601.0,7.2,56.4,14.2
36,"Butter, salt added",Milk/eggs/substitute products,0.12,0.34,3.16,0.24,0.07,0.0,3.92,3047.0,81.5,0.6,0.7
37,"Blended spread, 75% fat",Milk/eggs/substitute products,0.05,0.35,3.08,0.24,0.08,0.0,3.8,2820.0,75.5,1.1,0.5
38,"Plain cake, chocolate cake",Bread/bakery products,0.57,0.12,0.92,0.41,0.13,0.0,2.15,1808.0,23.5,48.8,5.8
39,"Danish pastry, kanelsnegl",Bread/bakery products,0.47,0.1,1.04,0.04,0.11,0.01,1.77,1747.0,22.5,47.6,4.9
40,"Plain cake, average values",Bread/bakery products,0.57,0.12,0.92,0.41,0.13,0.0,2.15,1775.0,20.2,53.1,5.0
41,"Cream pastry, layer cake",Bread/bakery products,0.57,0.12,0.92,0.41,0.13,0.0,2.15,1264.0,16.7,34.4,3.3
42,"Cookie, truffle product / unbaked, industrially produced",Bread/bakery products,0.7,0.38,0.96,0.47,0.11,0.01,2.63,1774.0,17.0,58.1,4.0
43,"Bacon, frying, raw",Meat/poultry,3.89,0.68,-0.3,0.14,0.39,0.0,4.8,1775.0,42.0,0.0,13.0
44,"Sausage, salami",Meat/poultry,2.68,0.6,1.6,0.02,0.15,0.01,5.06,2104.0,49.2,2.8,13.9
45,"Pork, ham, boiled, sliced",Meat/poultry,2.5,0.43,0.32,0.02,0.1,0.0,3.38,457.0,4.0,0.3,17.9
46,"Roastbeef, sliced",Meat/poultry,39.65,7.68,-1.62,0.02,0.11,0.0,45.84,504.0,3.5,0.3,21.7
47,"Pork, sausage, Danish, raw",Meat/poultry,1.57,0.27,0.13,0.14,0.1,0.0,2.21,907.0,17.4,4.7,12.2
48,"Pork, liver paste, Danish",Meat/poultry,1.68,0.31,0.22,1.18,0.13,0.0,3.51,989.0,19.2,4.7,11.3
49,"Pork, flank, spiced, cooked",Meat/poultry,2.5,0.43,0.32,0.02,0.1,0.0,3.38,854.0,22.8,3.5,13.0
50,"Pork sausage, Thüringer bratwurst",Meat/poultry,1.14,0.2,0.37,0.02,0.09,0.0,1.81,1172.0,24.5,1.1,14.4
51,"Chicken, breast, boiled, sliced",Meat/poultry,2.33,0.62,0.17,0.02,0.1,0.0,3.25,475.0,3.2,0.4,20.6
52,"Chicken, leg, flesh and skin, raw",Meat/poultry,0.93,0.25,-0.03,0.14,0.1,0.0,1.39,635.0,8.7,0.0,18.4
53,"Chicken, drumstick, flesh and skin, raw",Meat/poultry,0.88,0.24,-0.03,0.14,0.1,0.0,1.32,647.0,8.9,0.0,18.7
54,"Chicken, breast, flesh and skin, raw",Meat/poultry,2.59,0.69,-0.09,0.14,0.11,0.0,3.44,623.0,6.9,0.0,21.5
55,"Chicken, sausage",Meat/poultry,0.83,0.21,0.28,0.02,0.09,0.0,1.44,806.0,15.0,1.9,12.8
56,"Chicken, hen, flesh and skin, raw",Meat/poultry,1.6,0.43,-0.06,0.14,0.11,0.0,2.22,888.0,15.9,0.0,17.1
57,"Tea, leaves",Beverages,2.5,1.61,1.87,1.94,0.47,0.01,8.41,961.0,2.0,3.0,19.6
58,"Coffee, instant, powder",Beverages,2.35,1.54,2.43,3.21,0.58,0.01,10.11,1270.0,1.7,11.0,19.5
59,"Coffee bean, roasted, ground",Beverages,1.3,0.84,0.21,0.24,0.58,0.01,3.18,1668.0,15.4,28.5,14.6
60,"Cocoa, instant, without milk, powder",Beverages,2.75,2.84,-5.52,4.32,0.58,0.01,4.98,1660.0,3.8,73.6,5.3
61,"Cocoa, powder",Beverages,2.75,2.84,-5.52,4.32,0.58,0.01,4.98,1682.0,21.9,10.5,22.5
62,"Lamb, flank, spiced, cooked",Meat/poultry,22.72,5.89,-3.99,0.02,0.1,0.0,24.75,1498.0,31.7,0.0,19.0
63,"Sausage, beef salami",Meat/poultry,28.01,5.56,0.38,0.02,0.14,0.01,34.11,1681.0,36.2,0.0,20.1
64,"Pork, saddle, smoked, boiled",Meat/poultry,2.5,0.43,0.32,0.02,0.1,0.0,3.38,508.0,4.9,0.0,18.4
65,"Salad dressing, oil and vinegar",Seasonings/preservatives/extracts,0.1,0.3,3.07,0.42,0.11,0.01,4.02,1446.0,34.3,9.8,0.6
66,"Salad dressing, thousand island",Seasonings/preservatives/extracts,0.16,0.52,3.63,0.42,0.12,0.01,4.86,1547.0,35.1,12.7,1.1
67,"Water, tap, drinking, average values",Beverages,0.0,0.0,0.0,0.0,0.0,0.0,0.0,0.0,0.0,0.0,0.0
68,"Duck, flesh only, raw",Meat/poultry,1.6,0.43,-0.0,0.14,0.11,0.0,2.27,530.0,5.1,0.0,18.3
69,"Goose, flesh only, raw",Meat/poultry,1.6,0.43,-0.0,0.14,0.11,0.0,2.27,663.0,7.1,0.0,22.8
70,Mackerel mayonnaise salad,Seasonings/preservatives/extracts,0.13,0.4,3.31,0.24,0.1,0.0,4.18,1643.0,39.1,2.5,8.9
71,Sauce gravad lax,Seasonings/preservatives/extracts,0.27,0.18,0.85,0.64,0.1,0.0,2.03,2322.0,56.0,13.1,1.6
72,Italian mayonnaise salad,Seasonings/preservatives/extracts,0.11,0.37,2.36,0.64,0.06,0.01,3.55,1266.0,29.7,7.2,1.9
73,Curry mayonnaise salad,Seasonings/preservatives/extracts,0.11,0.37,2.36,0.64,0.06,0.01,3.55,1548.0,37.1,8.3,1.7
74,"Yogurt plain, whole milk",Milk/eggs/substitute products,0.48,0.07,0.17,0.26,0.11,0.0,1.08,260.0,3.6,3.6,3.7
75,"Cream, cultured, 18 % fat",Milk/eggs/substitute products,0.36,0.15,1.14,0.26,0.11,0.0,2.02,793.0,18.6,2.8,2.8
76,"Skyr, 0.2 % fat",Milk/eggs/substitute products,1.03,0.06,-0.26,0.26,0.16,0.0,1.25,297.0,0.2,4.0,10.8
77,"Cheese, firm, Danbo, 45 % fidm.",Milk/eggs/substitute products,4.46,0.46,2.33,0.35,0.12,0.0,7.72,1348.0,25.0,0.1,23.2
78,"Cheese, hard, Parmesan, 32 % fidm.",Milk/eggs/substitute products,4.46,0.46,2.33,0.35,0.12,0.0,7.72,1488.0,24.1,0.1,32.9
79,"Cheese, semihard, Mozzarella, 30 % fidm.",Milk/eggs/substitute products,4.46,0.46,2.33,0.35,0.12,0.0,7.72,1163.0,17.7,0.1,28.3
80,"Herring, pickled, canned",Seafood,0.11,0.22,1.76,0.64,0.1,0.0,2.83,1138.0,16.2,20.9,11.9
81,"Fish balls, canned",Seafood,0.07,0.56,4.38,0.63,0.09,0.01,5.74,261.0,1.0,4.9,8.3
82,"Fish pudding, raw",Seafood,0.1,0.86,6.29,0.64,0.11,0.0,8.0,466.0,2.8,12.8,8.5
83,"Cod, liver, canned",Seafood,-0.0,1.41,8.64,6.55,0.11,0.01,16.72,2192.0,55.1,1.0,4.6
84,"Cod, roe, canned",Seafood,-0.0,1.04,8.64,1.56,0.11,0.01,11.36,417.0,3.7,2.7,13.7
85,"Shrimps, canned",Seafood,-0.0,1.94,8.27,1.56,0.11,0.01,11.89,336.0,1.2,0.8,16.5
86,"Cod, fillet, breaded, raw",Seafood,0.18,0.66,5.42,0.26,0.11,0.0,6.63,486.0,0.8,12.9,13.7
87,"Caviar, Danish (roe, lump-sucker)",Seafood,-0.0,1.05,8.69,1.47,0.11,0.01,11.33,443.0,5.7,0.8,12.9
88,"Fish cake, fried",Seafood,0.13,1.13,8.24,0.64,0.13,0.0,10.28,650.0,6.7,9.8,13.7
89,"Cod, liver, smoked",Seafood,-0.0,1.29,10.91,0.14,0.19,0.0,12.54,2568.0,66.6,1.0,5.1
90,"Cod, liver, raw",Seafood,-0.0,1.03,8.64,0.14,0.11,0.0,9.92,2568.0,66.6,1.0,5.1
91,"Lobster, canned",Seafood,-0.0,1.73,6.36,1.56,0.19,0.01,9.85,379.0,1.5,0.3,18.7
92,"Mussels, in water, canned",Seafood,-0.0,0.01,0.08,1.56,0.11,0.01,1.77,433.0,3.0,0.0,17.0
93,"Tuna, in tomato sauce, canned",Seafood,0.15,0.72,6.98,1.18,0.11,0.01,9.15,478.0,2.9,4.6,17.2
94,"Cod, roe, raw",Seafood,-0.0,1.05,8.64,1.47,0.11,0.0,11.27,508.0,2.6,1.5,23.2
95,"Crab claws, meat, raw",Seafood,-0.0,1.88,12.53,0.08,0.19,0.0,14.68,473.0,1.8,0.0,22.9
96,"Caviar, made from capelin roe",Seafood,-0.0,1.05,8.69,1.47,0.11,0.0,11.32,770.0,14.0,5.7,9.1
97,"Tuna, in water, canned",Seafood,0.23,0.59,3.43,1.18,0.16,0.01,5.6,451.0,1.2,0.0,23.9
98,"Halibut, greenland, smoked",Seafood,-0.0,1.38,9.88,0.14,0.19,0.0,11.59,838.0,16.1,0.0,14.3
99,"Fish fillet, breaded, deepfried",Seafood,0.21,0.75,6.18,0.26,0.12,0.0,7.51,1201.0,16.1,21.9,13.4
100,"Fish fingers, breaded, frozen",Seafood,0.18,0.69,5.35,0.24,0.11,0.03,6.59,787.0,8.4,15.2,12.8
101,"Rye flour, dark, whole meal",Cereal/grain/pulse products,0.3,0.11,0.03,0.2,0.11,0.01,0.77,1403.0,2.3,54.8,9.4
102,"Wheat, flour, wholemeal",Cereal/grain/pulse products,0.38,0.09,0.03,0.2,0.12,0.01,0.84,1398.0,2.4,46.8,11.4
103,"Rye kernels, whole/cracked",Cereal/grain/pulse products,0.3,0.11,0.03,0.2,0.11,0.01,0.77,1401.0,2.3,58.2,9.7
104,"Wheat, kernels, whole/cracked",Cereal/grain/pulse products,0.38,0.09,0.03,0.2,0.12,0.01,0.84,1438.0,2.0,61.9,11.5
105,Rice flour,Cereal/grain/pulse products,0.36,0.17,-0.0,0.2,0.4,0.01,1.14,1527.0,1.3,78.9,7.7
106,Corn flour,Cereal/grain/pulse products,0.36,-0.02,-0.03,0.2,0.11,0.01,0.63,1528.0,2.8,88.3,6.8
107,"Eggs, chicken, free-range hens (indoor), raw",Milk/eggs/substitute products,0.41,0.14,0.0,0.24,0.05,0.01,0.85,580.0,9.5,1.1,12.3
108,"Burbot, raw",Seafood,0.34,1.52,10.33,0.14,0.2,0.0,12.54,297.0,0.5,0.0,16.4
109,"Perch, raw",Seafood,0.19,0.82,12.54,0.14,0.15,0.0,13.84,327.0,1.3,0.0,16.4
110,"Pikeperch, raw",Seafood,0.11,0.86,6.05,0.14,0.15,0.0,7.32,368.0,0.7,0.5,19.2
111,"Pike, raw",Seafood,0.11,0.86,7.02,0.14,0.15,0.0,8.28,379.0,1.2,0.0,19.0
112,"Bream, raw",Seafood,0.69,1.24,14.51,0.14,0.21,0.0,16.78,452.0,4.0,0.0,16.7
113,"Charr, raw",Seafood,0.34,1.55,10.12,0.14,0.16,0.0,12.31,414.0,2.7,0.0,18.5
114,"Trout, raw",Seafood,-0.0,1.19,1.22,0.14,0.16,0.0,2.72,553.0,6.7,0.0,17.9
115,"Whitefish, raw",Seafood,0.34,1.52,10.33,0.14,0.2,0.0,12.54,478.0,3.0,0.0,21.6
116,"Fruit juice, mixed, sweetened, concentrated",Beverages,0.8,-0.01,0.28,0.31,1.19,0.01,2.58,741.0,0.0,43.4,0.2
117,"Elderberry, juice, concentrated, sugar added",Beverages,1.17,0.26,0.28,0.31,0.38,0.01,2.4,931.0,0.5,53.2,0.5
118,"Olives, green, pickled, canned",Seasonings/preservatives/extracts,0.53,0.13,0.22,0.51,0.29,0.01,1.69,554.0,11.7,5.0,1.0
119,"Pear, canned",Fruit/vegetable products,0.24,0.04,0.2,0.22,0.11,0.01,0.83,299.0,0.2,15.7,0.3
120,"Nut paste with cacao, spreads",Candy/sugar products,1.68,0.44,1.32,0.42,0.1,0.01,3.97,2192.0,30.0,54.5,7.0
121,"Orange juice, canned",Beverages,0.22,0.03,0.09,0.31,0.67,0.01,1.32,180.0,0.1,8.4,0.6
122,"Pineapple, canned",Fruit/vegetable products,0.17,0.02,0.22,0.22,0.66,0.01,1.3,269.0,0.3,3.7,0.4
123,Strawberry jam,Fruit/vegetable products,0.83,-0.03,0.5,0.32,0.17,0.01,1.8,857.0,0.3,49.0,0.3
124,"Raisins, seedless",Fruit/vegetable products,1.14,0.22,0.41,0.26,0.6,0.01,2.63,1412.0,1.6,68.8,3.2
125,Raspberry marmalade,Fruit/vegetable products,0.83,-0.03,0.5,0.32,0.17,0.01,1.8,860.0,0.6,48.1,0.6
126,"Hare, raw",Meat/poultry,1.6,0.43,-0.0,0.14,0.11,0.0,2.27,471.0,1.9,0.0,21.6
127,"Rabbit, flesh only, raw",Meat/poultry,1.6,0.43,-0.0,0.14,0.11,0.0,2.27,495.0,4.0,0.0,20.4
128,"Pheasant, flesh and skin, raw",Meat/poultry,1.6,0.43,-0.0,0.14,0.11,0.0,2.27,712.0,9.3,0.0,21.7
129,"Squab (pigeon), raw",Meat/poultry,1.6,0.43,-0.0,0.14,0.11,0.0,2.27,1190.0,23.8,0.0,18.2
130,"Barley groats, raw",Cereal/grain/pulse products,0.5,0.03,-0.03,0.2,0.11,0.01,0.83,1476.0,2.4,62.2,9.9
131,"Oats, rolled, not enriched",Cereal/grain/pulse products,0.58,0.05,-0.03,0.2,0.13,0.01,0.95,1541.0,6.7,57.0,14.2
132,"Rice groats, raw",Cereal/grain/pulse products,0.36,0.17,-0.03,0.2,0.4,0.01,1.11,1528.0,1.3,78.1,6.8
133,"Parsley, raw",Vegetables,0.13,0.03,0.0,0.14,0.05,0.01,0.37,201.0,1.1,1.2,3.7
134,"Dill, raw",Vegetables,0.13,0.03,0.0,0.14,0.05,0.01,0.37,201.0,1.1,4.9,3.5
135,"Garlic, raw",Vegetables,0.51,0.05,0.0,0.06,0.69,0.01,1.33,669.0,0.5,30.9,6.4
136,"Chives, raw",Vegetables,0.16,0.04,0.0,0.06,0.05,0.01,0.32,107.0,0.6,1.5,2.4
137,"Cress, garden, raw",Vegetables,0.13,0.03,0.0,0.14,0.05,0.01,0.37,111.0,0.5,0.2,2.8
138,"Olives, black, without stones, in brine",Seasonings/preservatives/extracts,0.53,0.13,0.22,0.51,0.29,0.01,1.69,463.0,9.8,2.9,1.0
139,"Hazelnut, dried",Fruit/vegetable products,2.93,1.03,0.0,0.26,0.11,0.01,4.35,2712.0,60.6,3.3,15.6
140,"Sunflower seeds, decorticated, dried",Fruit/vegetable products,0.54,0.42,0.0,0.26,0.54,0.01,1.77,2564.0,54.4,3.6,24.2
141,"Sesame seeds, decorticated",Fruit/vegetable products,1.57,1.11,0.07,0.26,0.61,0.01,3.62,2657.0,57.4,1.8,26.8
142,"Walnuts, dried",Fruit/vegetable products,1.79,0.55,0.0,0.26,0.54,0.01,3.15,2924.0,64.6,2.8,16.6
143,"Cashew nuts, dry roasted",Fruit/vegetable products,2.2,2.61,-1.6,0.26,0.54,0.01,4.01,2504.0,46.4,26.9,18.1
144,"Pumpkin seeds, dried",Fruit/vegetable products,1.79,0.55,0.49,0.26,0.11,0.01,3.2,2351.0,45.9,2.0,36.3
145,Honey,Prepared/preserved foods,0.14,0.01,0.15,0.41,0.06,0.01,0.77,1391.0,0.0,75.1,0.3
146,"Ice cream, dairy, (wholemilk based)",Prepared/preserved foods,0.77,0.2,1.23,0.51,0.11,0.03,2.84,649.0,3.0,23.5,4.0
147,"Ice cream, dairy (cream based)",Prepared/preserved foods,0.77,0.2,1.23,0.51,0.11,0.03,2.84,865.0,10.0,25.1,4.0
148,"Ice, popsickle, lemonade",Prepared/preserved foods,0.26,0.01,0.28,0.51,0.07,0.03,1.15,370.0,2.0,16.9,0.5
149,Vinegar,Seasonings/preservatives/extracts,0.31,0.07,1.02,0.41,0.11,0.01,1.93,84.0,0.0,5.4,0.4
150,"Salt, table",Seasonings/preservatives/extracts,0.0,0.02,0.21,0.2,0.0,0.01,0.44,0.0,0.0,0.0,0.0
151,"Rhubarb, raw",Vegetables,0.13,0.03,0.0,0.06,0.05,0.01,0.3,108.0,0.3,1.9,0.9
152,"Celery, raw",Vegetables,0.13,0.03,0.0,0.06,0.05,0.01,0.3,98.0,0.2,1.9,0.7
153,"Cauliflower, all varieties, raw",Vegetables,0.15,0.04,0.0,0.06,0.44,0.01,0.71,116.0,0.4,1.9,2.4
154,"Broccoli, raw",Vegetables,0.15,0.04,0.0,0.06,0.44,0.01,0.71,148.0,0.2,2.1,3.6
155,"Kale, raw",Vegetables,0.1,0.02,0.0,0.06,0.05,0.01,0.25,252.0,1.1,2.0,4.7
156,"Cabbage, white, raw",Vegetables,0.1,0.02,0.0,0.06,0.05,0.01,0.25,133.0,0.2,4.5,1.2
157,"Brussels sprouts, raw",Vegetables,0.1,0.02,0.0,0.06,0.05,0.01,0.25,223.0,0.5,4.4,4.5
158,"Cabbage, red, raw",Vegetables,0.1,0.02,0.0,0.06,0.05,0.01,0.25,133.0,0.2,4.0,1.5
159,"Cabbage, spring, raw",Vegetables,0.1,0.02,0.0,0.06,0.05,0.01,0.25,112.0,0.3,3.0,2.0
160,"Spinach, raw",Vegetables,0.12,0.03,0.0,0.06,0.29,0.01,0.52,102.0,0.6,0.2,2.6
161,"Artichoke, raw",Vegetables,0.27,0.05,0.0,0.06,0.59,0.01,0.98,218.0,0.1,8.1,3.3
162,"Asparagus, green, raw",Vegetables,0.27,0.1,0.0,0.06,0.43,0.01,0.88,109.0,0.3,3.1,1.8
163,"Lettuce, iceberg (incl. crisphead types), raw",Vegetables,0.08,0.02,0.0,0.06,0.41,0.01,0.59,65.0,0.1,2.4,0.8
164,"Lettuce, looseleaf, raw",Vegetables,0.08,0.02,0.0,0.06,0.41,0.01,0.59,63.0,0.1,1.5,1.4
165,"Cabbage, Chinese, pak-choi, raw",Vegetables,0.1,0.02,0.0,0.06,0.05,0.01,0.25,61.0,0.2,1.2,1.5
166,"Cabbage, savoy, raw",Vegetables,0.1,0.02,0.0,0.06,0.05,0.01,0.25,113.0,0.1,3.0,2.0
167,"Cauliflower, frozen",Fruit/vegetable products,0.18,0.05,0.02,0.06,0.5,0.03,0.84,115.0,0.3,3.7,2.0
168,"Leek, raw",Vegetables,0.16,0.04,0.0,0.06,0.05,0.01,0.32,146.0,0.2,3.7,2.0
169,"Spinach, chopped, frozen",Fruit/vegetable products,0.15,0.04,0.02,0.06,0.35,0.03,0.64,108.0,0.5,2.2,2.1
170,"Broccoli, frozen",Fruit/vegetable products,0.18,0.05,0.02,0.06,0.5,0.03,0.84,113.0,0.3,1.8,2.8
171,"Beans, wax, raw",Vegetables,0.2,0.04,0.0,0.14,0.65,0.01,1.04,148.0,0.2,5.3,2.1
172,"Peas, green, raw",Vegetables,0.36,0.12,0.0,0.06,0.11,0.01,0.67,294.0,0.7,6.5,5.9
173,"Green lentils, dried",Cereal/grain/pulse products,0.85,0.33,0.0,0.2,0.39,0.01,1.78,1466.0,2.5,53.2,26.2
174,"Peas, chick/garbanzo, dry, raw",Cereal/grain/pulse products,0.93,0.52,0.0,0.2,0.58,0.01,2.23,1541.0,6.9,45.9,20.4
175,"Beans, green, raw",Vegetables,0.2,0.04,0.0,0.14,0.65,0.01,1.04,126.0,0.2,5.9,1.9
176,"Bean sprouts, mung, raw",Fruit/vegetable products,0.2,0.04,0.0,0.14,0.65,0.01,1.04,143.0,0.2,4.1,3.0
177,"Bean sprouts, average values, raw",Fruit/vegetable products,0.2,0.04,0.0,0.14,0.65,0.01,1.04,157.0,0.3,5.1,3.0
178,"Sugar pea (Snow pea, Mangetout) raw",Vegetables,0.36,0.12,0.0,0.14,0.11,0.01,0.74,202.0,0.3,6.4,3.8
179,"Beans, soy, dried, raw",Cereal/grain/pulse products,0.32,0.27,0.0,0.2,0.36,0.01,1.16,1720.0,18.4,17.5,35.8
180,"Peas, green, frozen",Vegetables,0.45,0.15,0.02,0.06,0.17,0.03,0.87,310.0,0.7,8.4,6.1
181,"Water, bottled, carbonated",Beverages,0.0,0.0,0.02,0.13,0.05,0.01,0.22,17.0,0.0,0.0,0.0
182,"Soft drink, sugar added",Beverages,0.14,0.0,0.15,0.19,0.06,0.01,0.55,170.0,0.0,9.9,0.0
183,"Apple juice, canned or bottled",Beverages,0.32,0.02,0.61,0.31,0.37,0.01,1.64,204.0,0.1,10.2,0.1
184,"Sherry, dry",Beverages,0.49,0.03,2.58,0.37,0.79,0.01,4.27,487.0,0.0,1.3,0.2
185,"Liqueur, coffee with cream",Beverages,0.71,0.1,1.63,0.37,0.57,0.01,3.39,1382.0,15.7,20.0,2.8
186,"Margarine, 70 % fat, table use, soft, vegetable fat",Milk/eggs/substitute products,-0.0,0.32,2.31,0.24,0.05,0.0,2.93,2806.0,70.6,0.0,0.8
187,"Garfish, raw",Seafood,-0.0,1.05,8.31,0.14,0.2,0.0,9.7,450.0,3.2,0.0,19.5
188,"Salmon, Atlantic, wild, raw",Seafood,-0.0,1.1,8.06,0.14,0.16,0.0,9.46,666.0,7.5,0.0,18.4
189,"Mackerel, raw",Seafood,-0.0,1.11,7.71,0.14,0.16,0.0,9.12,780.0,12.9,0.0,17.8
190,"Plaice, raw",Seafood,-0.0,1.03,8.48,0.14,0.22,0.0,9.87,369.0,1.9,0.0,17.5
191,"Herring, raw",Seafood,-0.0,1.09,7.94,0.14,0.17,0.0,9.34,784.0,13.6,0.0,16.5
192,"Saithe, raw",Seafood,-0.0,1.03,8.48,0.14,0.22,0.0,9.87,333.0,0.7,0.0,18.1
193,"Cod, fillet, raw",Seafood,-0.0,1.03,8.48,0.14,0.22,0.0,9.87,320.0,0.6,0.0,17.6
194,"Plaice, fillet, breaded, dybfrost",Seafood,0.18,0.66,5.42,0.26,0.11,0.03,6.66,577.0,1.1,19.1,11.9
195,"Saithe (UK), pollock (US), fillet, frozen",Seafood,0.0,1.04,8.36,0.14,0.21,0.03,9.78,387.0,0.9,0.0,20.5
196,"Tuna, raw",Seafood,-0.0,1.0,8.75,0.14,0.24,0.0,10.14,496.0,1.1,0.0,26.8
197,"Salmon, Atlantic, aquaculture, cold smoked",Seafood,-0.0,1.38,9.88,0.14,0.49,0.0,11.89,711.0,8.9,1.6,20.9
198,"Salmon, atlantic, aquaculture, hot smoked",Seafood,-0.0,1.38,10.19,0.14,0.49,0.0,12.2,1108.0,20.7,0.0,20.1
199,"Salmon, atlantic, aquaculture, raw",Seafood,-0.0,1.1,7.71,0.14,0.16,0.0,9.11,947.0,18.3,0.0,15.8
200,"Mayonnaise, low fat",Seasonings/preservatives/extracts,0.1,0.03,0.38,0.64,0.06,0.01,1.22,1899.0,51.3,0.0,0.0
201,Mayonnaise,Seasonings/preservatives/extracts,0.11,0.37,2.36,0.64,0.06,0.01,3.55,3002.0,80.0,0.1,1.1
202,"Remoulade, average values",Seasonings/preservatives/extracts,0.22,0.16,0.87,0.42,0.2,0.01,1.88,1568.0,36.8,12.0,1.1
203,"Oyster, raw",Seafood,-0.0,0.01,0.45,0.08,0.6,0.0,1.13,258.0,1.5,4.2,7.8
204,"Mussel, raw",Seafood,-0.0,0.0,0.08,0.08,0.05,0.0,0.22,348.0,2.2,0.0,11.9
205,"Octopus, raw",Seafood,-0.0,0.01,0.08,0.26,0.11,0.0,0.46,324.0,0.9,1.5,16.4
206,"Mushroom, raw",Vegetables,0.01,0.01,0.0,0.26,0.19,0.0,0.47,110.0,0.3,0.0,2.9
207,Oyster mushroom,Vegetables,0.01,0.01,0.0,0.26,0.19,0.0,0.47,182.0,0.4,6.5,3.3
208,"Almondmilk, unfortified",Milk/eggs/substitute products,2.74,0.54,0.06,0.08,0.08,0.01,3.52,196.0,2.2,4.3,0.8
209,"Ricemilk, with added calcium",Milk/eggs/substitute products,0.09,-0.02,0.03,0.08,0.2,0.01,0.39,230.0,0.9,6.9,0.1
210,"Oatmilk, with added calcium",Milk/eggs/substitute products,0.04,0.02,0.14,0.08,0.06,0.01,0.37,190.0,1.6,5.6,0.6
211,"Soymilk, with added calcium",Milk/eggs/substitute products,0.05,0.03,0.1,0.08,0.11,0.01,0.38,190.0,1.9,3.3,3.6
212,"Bouillon, chicken, prepared",Seasonings/preservatives/extracts,0.01,0.01,0.16,0.13,0.06,0.01,0.38,18.0,0.2,0.3,0.3
213,"Meat balls, canned",Prepared/preserved foods,9.07,1.74,-0.16,0.63,0.12,0.01,11.42,525.0,9.6,2.9,7.1
214,"Bouillon, beef, prepared",Seasonings/preservatives/extracts,0.12,0.04,0.16,0.13,0.06,0.01,0.52,30.0,0.2,0.1,1.1
215,"Meat balls, average values",Meat/poultry,9.07,1.74,-0.16,0.63,0.12,0.01,11.42,603.0,9.5,6.0,8.8
216,"Dumplings, average values",Prepared/preserved foods,0.24,0.08,0.6,0.26,0.09,0.0,1.27,764.0,11.6,12.8,5.4
217,"Meat balls, frozen",Prepared/preserved foods,9.07,1.74,-0.14,0.26,0.12,0.03,11.08,679.0,9.4,9.0,10.5
218,"Soup, tomato, ready to eat",Prepared/preserved foods,0.63,0.05,0.82,0.22,0.11,0.01,1.84,304.0,1.5,12.7,1.6
219,"Bouillon, beef, concentrated, cube",Seasonings/preservatives/extracts,4.98,0.99,0.81,0.41,0.07,0.01,7.26,676.0,3.2,12.0,17.0
220,"Dumplings, frozen",Prepared/preserved foods,0.24,0.08,0.62,0.26,0.09,0.03,1.31,792.0,13.0,9.8,7.0
221,"Chicken, grilled, fast food",Prepared/preserved foods,1.76,0.49,0.07,1.18,0.12,0.0,3.61,888.0,11.2,0.0,28.0
222,"Chicken nuggets, deepfried, ready meals",Prepared/preserved foods,1.67,0.43,0.74,0.26,0.11,0.03,3.24,1171.0,16.1,19.1,14.7
223,"Pizza with tomato and cheese, ready meals",Bread/bakery products,0.98,0.2,1.48,0.21,0.1,0.0,2.96,1351.0,13.5,35.7,13.3
224,"Pizza with seafood, tomato and cheese, ready meals",Bread/bakery products,0.71,0.47,2.27,0.21,0.13,0.0,3.79,1073.0,10.0,26.7,13.8
225,"Pizza with salami, tomato and cheese, ready meals",Bread/bakery products,1.03,0.25,1.56,0.21,0.1,0.0,3.15,1308.0,14.5,31.7,12.8
226,"Pizza with vegetables, fruit, tomato and cheese, ready meals",Bread/bakery products,0.52,0.16,1.48,0.21,0.19,0.0,2.56,921.0,8.4,26.8,8.1
227,"Pizza with meat, tomato and cheese, ready meals",Bread/bakery products,1.91,0.46,1.18,0.21,0.14,0.0,3.91,1081.0,9.8,29.5,11.8
228,"Pizza with meat and seafood, tomato and cheese, ready meals",Bread/bakery products,1.31,0.46,1.73,0.21,0.14,0.0,3.85,958.0,9.3,22.4,12.8
229,"Veal and pork, mince, 15-20% fat, raw",Meat/poultry,12.88,2.47,-0.35,0.14,0.11,0.0,15.26,904.0,16.4,0.0,17.6
230,Goat milk,Milk/eggs/substitute products,3.18,0.56,0.06,0.08,0.51,0.0,4.4,289.0,4.1,4.4,3.5
231,Marzipan,Candy/sugar products,4.08,0.78,0.6,0.67,0.11,0.01,6.25,1997.0,26.5,42.0,13.3
232,"Syrup, kitchen",Candy/sugar products,0.32,0.03,0.04,0.42,0.11,0.01,0.93,1307.0,0.0,76.7,0.3
233,"Pasta, raw",Prepared/preserved foods,0.52,0.04,0.25,0.23,0.68,0.01,1.73,1532.0,1.8,73.9,13.5
234,"Apple, raw, all varieties",Fruit/vegetable products,0.18,0.02,0.0,0.14,0.31,0.01,0.66,233.0,0.2,10.9,0.3
235,"Pear, raw",Fruit/vegetable products,0.15,0.03,0.0,0.14,0.05,0.01,0.38,207.0,0.1,8.3,0.3
236,"Grape, raw",Fruit/vegetable products,0.22,0.05,0.0,0.14,0.52,0.01,0.94,285.0,0.0,15.3,0.6
237,"Pork, collar with rind, raw",Meat/poultry,2.78,0.48,-0.22,0.14,0.39,0.0,3.58,1139.0,23.4,0.0,16.1
238,"Pork, ham, topside (M. Semimembranosus), lean, raw",Meat/poultry,2.78,0.48,-0.22,0.14,0.39,0.0,3.58,446.0,2.2,0.0,21.4
239,"Pork, loin, lean, raw",Meat/poultry,3.33,0.58,-0.26,0.14,0.39,0.0,4.19,450.0,1.9,0.0,22.3
240,"Pork, tenderloin, trimmed, raw",Meat/poultry,4.45,0.77,-0.35,0.14,0.39,0.0,5.4,484.0,3.3,0.0,21.2
241,"Pork, mince, 5-10% fat, raw",Meat/poultry,2.5,0.39,-0.25,0.14,0.12,0.0,2.9,726.0,11.2,0.0,18.4
242,"Pork, collar, defatted, raw",Meat/poultry,3.22,0.5,-0.41,0.14,0.12,0.0,3.57,756.0,12.4,0.0,17.4
243,"Pork, mince, 15-20% fat, raw",Meat/poultry,2.22,0.39,-0.17,0.14,0.39,0.0,2.97,929.0,17.2,0.0,17.1
244,"Minced meat, spaghetti sauce type, average values, ready meals",Meat/poultry,11.05,2.19,-0.25,0.64,0.1,0.0,13.74,528.0,8.3,4.9,8.1
245,"Turtle, fake, average values, ready meals",Meat/poultry,14.9,2.94,-0.1,0.63,0.1,0.01,18.49,457.0,6.2,5.5,7.9
246,"Spring roll, frozen, ready meals",Prepared/preserved foods,0.22,0.11,0.9,0.64,0.11,0.0,1.99,631.0,6.8,15.5,5.8
247,"Pork in curry sauce, frozen, ready meals",Meat/poultry,2.34,0.46,0.14,0.64,0.21,0.03,3.82,497.0,8.6,2.0,8.5
248,"Pizza Romana, frozen, ready meals",Bread/bakery products,1.13,0.24,1.15,0.21,0.12,0.03,2.87,745.0,5.8,23.1,7.2
249,"Liver, pig, in cream sauce, frozen, ready meals",Meat/poultry,0.89,0.28,0.95,0.64,0.11,0.03,2.9,519.0,5.4,6.9,11.9
250,"Pizza Napolitana, frozen, ready meals",Bread/bakery products,0.98,0.2,1.48,0.21,0.1,0.03,2.99,761.0,6.1,21.9,8.6
251,"Spring roll, deepfried, ready meals",Prepared/preserved foods,0.22,0.11,0.9,0.64,0.11,0.0,1.99,851.0,9.8,21.4,6.1
252,"Pizza with broccoli, frozen, ready meals",Bread/bakery products,0.52,0.16,1.48,0.21,0.19,0.03,2.58,816.0,6.7,23.6,8.7
253,"Pizza with tuna, frozen, ready meals",Bread/bakery products,0.47,0.26,2.09,0.21,0.21,0.03,3.26,855.0,5.7,25.9,11.0
254,"Pork, minced and bound with flour and egg, boiled, frozen, ready meals",Meat/poultry,0.92,0.19,0.19,0.64,0.11,0.03,2.08,908.0,15.5,3.9,15.8
255,"Potato, raw",Vegetables,0.2,0.02,0.0,0.06,0.07,0.01,0.36,326.0,0.3,17.9,2.0
256,"Carrot, raw",Vegetables,0.11,0.02,0.0,0.06,0.05,0.01,0.25,152.0,0.4,6.2,0.7
257,"Radish, raw",Vegetables,0.13,0.03,0.0,0.14,0.05,0.01,0.37,48.0,0.1,1.3,0.8
258,"Beet, red, raw",Vegetables,0.17,0.01,0.0,0.06,0.05,0.01,0.31,220.0,0.3,9.9,1.7
259,"Celeriac, celery root, raw",Vegetables,0.13,0.03,0.0,0.06,0.05,0.01,0.3,143.0,0.3,2.0,1.8
260,"Ginger root, raw",Vegetables,0.97,0.05,0.0,0.14,0.69,0.01,1.85,352.0,0.8,16.7,1.8
261,"Fennel, root, raw",Vegetables,3.3,0.95,0.0,0.14,0.05,0.01,4.46,95.0,0.2,2.9,1.4
262,"Turnip, raw",Vegetables,0.11,0.02,0.0,0.06,0.05,0.01,0.25,110.0,0.1,3.8,0.6
263,"Onions, chopped, frozen",Fruit/vegetable products,0.13,0.02,0.02,0.06,0.11,0.03,0.37,117.0,0.1,5.0,0.8
264,"Carrot, frozen",Fruit/vegetable products,0.13,0.02,0.02,0.06,0.11,0.03,0.37,124.0,0.2,4.7,1.1
265,"Onion, raw",Vegetables,0.18,0.04,0.0,0.06,0.6,0.01,0.9,183.0,0.1,5.4,1.2
266,"Onions, spring, raw",Vegetables,0.18,0.04,0.0,0.06,0.6,0.01,0.9,139.0,0.2,4.7,1.8
267,"Cassava, raw",Vegetables,0.11,0.05,0.0,0.06,0.51,0.01,0.74,659.0,0.3,36.3,1.4
268,"Parsley root, raw",Vegetables,0.23,0.07,0.0,0.06,0.52,0.01,0.89,232.0,0.6,8.0,2.3
269,"Cheese, semihard, Feta, 40 % fidm",Milk/eggs/substitute products,2.67,0.15,-0.37,0.35,0.11,0.0,2.92,1059.0,19.2,0.5,19.0
270,"Cheese, Danish Blue, 50 % fidm.",Milk/eggs/substitute products,4.46,0.46,2.33,0.35,0.12,0.0,7.72,1450.0,29.5,0.0,20.1
271,"Lamb, leg, unspecified , raw",Meat/poultry,25.35,6.58,-5.12,0.14,0.48,0.0,27.43,749.0,12.0,0.0,17.9
272,"Lamb, meat, average values, raw",Meat/poultry,25.35,6.58,-5.12,0.14,0.48,0.0,27.43,1365.0,30.5,0.0,13.9
273,"Crayfish, raw",Seafood,-0.0,0.69,1.94,0.26,0.66,0.0,3.55,287.0,0.5,1.2,14.6
274,"Shrimps, boiled, shell removed",Seafood,-0.0,1.94,8.1,0.26,0.22,0.0,10.52,291.0,0.8,0.0,15.3
275,"Lobster, raw",Seafood,-0.0,0.69,1.94,0.26,0.66,0.0,3.55,393.0,1.3,0.8,19.6
276,"Crab, boiled",Seafood,-0.0,0.75,5.01,0.08,0.05,0.0,5.9,541.0,5.2,0.5,20.1
277,"Prawn, giant tiger, aquaculture, boiled, frozen",Seafood,0.0,1.72,10.42,0.08,0.19,0.03,12.43,263.0,0.3,0.0,14.8
278,"Shrimp, boiled, in brine",Seafood,-0.0,1.94,8.1,0.26,0.22,0.0,10.52,303.0,0.9,0.4,15.5
279,"Pop corn, oil and salt added, traditional",Prepared/preserved foods,0.18,0.12,0.57,0.26,0.11,0.01,1.25,1960.0,20.2,57.9,9.6
280,"Peanuts, oilroasted and salted",Fruit/vegetable products,0.47,0.41,1.24,0.26,0.11,0.01,2.5,2614.0,53.3,8.1,28.4
281,"Strawberry, raw",Fruits,0.15,0.06,0.0,0.14,0.2,0.01,0.56,162.0,0.6,6.1,0.7
282,"Raspberry, raw",Fruits,0.27,0.11,0.0,0.14,0.31,0.01,0.84,215.0,1.3,4.0,1.4
283,"Currant, black, raw",Fruits,0.25,0.08,0.0,0.14,0.05,0.01,0.53,314.0,1.3,9.9,1.5
284,"Blueberries, raw",Fruits,1.76,0.94,0.0,0.14,0.05,0.01,2.91,219.0,0.5,10.4,0.7
285,"Blackberry, raw",Fruits,0.31,0.14,0.0,0.14,0.3,0.01,0.91,153.0,1.0,4.5,1.4
286,"Rose hip, raw",Fruits,0.19,0.03,0.0,0.14,0.27,0.01,0.65,332.0,0.5,15.0,0.6
287,"Elderberry, raw",Fruits,0.31,0.14,0.0,0.14,0.3,0.01,0.91,281.0,0.5,11.6,0.7
288,"Currant, red, raw",Fruits,0.25,0.08,0.0,0.14,0.05,0.01,0.53,265.0,1.7,9.3,1.3
289,"Gooseberry, raw",Fruits,0.21,0.09,0.0,0.14,0.4,0.01,0.85,185.0,0.5,7.3,0.9
290,"Strawberries, frozen, unsweetened",Fruit/vegetable products,0.07,0.02,0.01,0.06,0.79,0.03,0.98,173.0,0.4,5.9,0.4
291,"Cranberry, raw",Fruits,0.15,0.03,0.0,0.14,0.54,0.01,0.87,177.0,0.1,7.6,0.4
292,"Blueberry, frozen, unsweetened",Fruit/vegetable products,0.16,0.05,0.06,0.06,0.66,0.03,1.02,224.0,0.6,10.7,0.4
293,"Raspberry, frozen",Fruit/vegetable products,0.17,0.15,0.15,0.06,0.3,0.03,0.86,223.0,1.3,6.5,1.4
294,"Cheese, Cream, 60 % fidm.",Milk/eggs/substitute products,4.46,0.46,2.33,0.35,0.12,0.0,7.72,1379.0,31.5,2.1,10.0
295,"Cheese, Brie, 45 % fidm.",Milk/eggs/substitute products,2.67,0.15,-0.37,0.35,0.11,0.0,2.92,1182.0,22.0,0.1,20.3
296,"Cheese, cottage, 20 % fidm.",Milk/eggs/substitute products,2.67,0.15,-0.37,0.35,0.11,0.0,2.92,441.0,4.4,2.5,13.0
297,"Bulgur, parboiled, raw",Cereal/grain/pulse products,0.58,0.08,0.16,0.2,0.12,0.01,1.15,1444.0,1.9,45.5,11.8
298,"Sweetcorn, kernels, canned",Fruit/vegetable products,0.05,0.03,0.14,0.32,0.07,0.01,0.61,428.0,1.1,16.1,3.1
299,"Rice, parboiled, raw",Cereal/grain/pulse products,0.35,0.16,0.16,0.2,0.4,0.01,1.28,1518.0,1.2,78.1,8.2
300,"Quinoa, black, raw",Cereal/grain/pulse products,1.04,0.63,0.0,0.2,0.6,0.01,2.49,1461.0,6.5,42.3,13.7
301,"Pepper, black",Seasonings/preservatives/extracts,0.77,0.27,0.0,2.72,0.54,0.01,4.3,1274.0,3.3,44.5,10.9
302,"Mustard, yellow, ready made",Seasonings/preservatives/extracts,0.2,0.12,0.47,0.78,0.17,0.01,1.76,691.0,6.4,20.2,5.7
303,Curry powder,Seasonings/preservatives/extracts,1.46,0.35,0.05,2.72,0.11,0.01,4.7,1421.0,13.8,25.2,12.7
304,"BITTER, Gammel Dansk Bitter Dram",Beverages,1.1,-0.05,-0.11,0.37,0.72,0.01,2.04,885.0,0.0,0.0,0.0
305,"Brandy, cognac",Beverages,0.99,-0.02,4.8,0.37,2.07,0.01,8.22,928.0,0.0,0.0,0.0
306,Vodka,Beverages,1.1,-0.05,-0.11,0.37,0.72,0.01,2.04,969.0,0.0,0.0,0.0
307,"Aquavit, 40 % vol., average values",Beverages,1.1,-0.05,-0.11,0.37,0.72,0.01,2.04,928.0,0.0,0.0,0.0
308,"Plum, raw",Fruits,0.27,0.1,0.0,0.14,0.05,0.01,0.58,199.0,0.3,9.2,0.5
309,"Cherry, raw",Fruits,0.26,0.07,0.0,0.14,0.26,0.01,0.75,234.0,0.3,11.7,1.4
310,"Chestnut, raw",Fruit/vegetable products,0.76,0.13,0.0,0.14,0.67,0.01,1.71,797.0,2.7,33.9,2.0
311,"Prune, dried plum",Fruit/vegetable products,0.72,0.08,0.41,0.04,0.6,0.01,1.87,972.0,0.7,54.6,2.7
312,"Apricot, dried",Fruit/vegetable products,0.72,0.08,0.41,0.04,0.6,0.01,1.87,1043.0,1.7,43.3,3.5
313,"Apricot, raw",Fruits,0.17,0.05,0.0,0.14,0.67,0.01,1.05,170.0,0.3,7.3,1.3
314,"Peach, raw",Fruits,0.11,0.03,0.0,0.14,0.67,0.01,0.96,206.0,0.4,7.8,0.7
315,"Nectarine, raw",Fruits,0.11,0.03,0.0,0.14,0.67,0.01,0.96,177.0,0.0,7.8,0.8
316,"Avocado, raw",Fruits,0.32,0.06,0.0,0.14,0.54,0.01,1.07,711.0,13.1,0.5,1.9
317,"Sugar, sucrose, white",Candy/sugar products,1.3,-0.09,0.47,0.2,0.11,0.01,2.0,1698.0,0.0,99.9,0.0
318,"Sugar, brown",Candy/sugar products,1.18,-0.06,0.49,0.2,0.1,0.01,1.92,1624.0,0.0,94.0,0.0
319,"Chocolate, milk",Candy/sugar products,1.83,0.34,2.52,0.38,0.11,0.01,5.18,2278.0,31.7,62.4,7.1
320,Nougat,Bread/bakery products,2.07,0.49,1.62,0.67,0.11,0.01,4.97,2297.0,32.3,55.9,8.7
321,"Chewing gum, no sugar added, all types",Candy/sugar products,-0.0,0.25,4.36,1.29,0.05,0.01,5.96,1451.0,0.0,83.6,0.6
322,"Toffees, mixed",Candy/sugar products,0.93,0.07,1.15,0.47,0.11,0.01,2.74,2023.0,20.9,67.7,2.1
323,"Chocolate, bitter",Candy/sugar products,1.25,1.28,0.11,0.49,0.59,0.01,3.74,2294.0,31.8,59.6,5.7
324,"Liquorice, salt",Candy/sugar products,0.75,-0.01,0.97,0.26,0.11,0.01,2.09,1507.0,1.0,43.4,4.4
325,Fruit gums,Candy/sugar products,0.78,-0.01,0.88,0.26,0.11,0.01,2.02,1482.0,0.9,74.4,6.6
326,"Banana, raw",Fruits,0.21,0.02,0.0,0.14,0.6,0.01,0.98,396.0,0.2,19.7,1.1
327,"Lemon, raw",Fruits,0.09,0.03,0.0,0.14,0.68,0.01,0.94,187.0,1.1,3.1,0.5
328,"Watermelon, raw",Fruits,0.03,0.01,0.0,0.0,0.73,0.01,0.78,140.0,0.1,6.5,0.8
329,"Orange, raw",Fruits,0.1,0.02,0.0,0.06,0.61,0.01,0.81,205.0,0.1,8.2,0.9
330,"Melon, honeydew, raw",Fruits,0.1,0.02,0.0,0.0,0.58,0.01,0.71,113.0,0.2,5.4,0.6
331,"Lime, raw",Fruits,0.09,0.03,0.0,0.06,0.68,0.01,0.87,155.0,0.2,7.7,0.7
332,"Pineapple, raw",Fruits,0.09,0.02,0.0,0.0,0.52,0.01,0.65,234.0,0.4,10.8,0.5
333,"Mango, raw",Fruits,0.18,0.06,0.0,0.14,0.54,0.01,0.93,282.0,0.5,14.2,0.5
334,"Grapefruit, raw",Fruits,0.09,0.02,0.0,0.14,0.59,0.01,0.86,185.0,0.3,7.0,0.9
335,"Tangerine, raw",Fruits,0.08,0.02,0.0,0.14,0.71,0.01,0.97,201.0,0.0,8.3,0.8
336,"Kiwi fruit, raw",Fruits,0.16,0.03,0.0,0.14,0.59,0.01,0.93,263.0,0.8,11.7,1.0
337,"Turkey, breast, boiled/smoked, sliced",Meat/poultry,2.16,0.54,0.19,0.02,0.1,0.0,3.02,453.0,1.8,1.7,21.0
338,"Turkey, flesh only, raw",Meat/poultry,2.4,0.61,-0.11,0.14,0.14,0.0,3.18,444.0,2.2,0.0,21.3
339,"Turkey, mince, 5-10% fat, raw",Meat/poultry,2.24,0.6,0.26,0.14,0.11,0.0,3.34,657.0,8.5,0.0,20.1
340,"Milk, whole, 3.5 % fat",Milk/eggs/substitute products,0.48,0.06,0.06,0.08,0.11,0.0,0.79,264.0,3.5,4.6,3.4
341,"Milk, partly skimmed, 1.5 % fat",Milk/eggs/substitute products,0.5,0.04,-0.13,0.08,0.11,0.0,0.61,200.0,1.6,4.7,3.4
342,"Milk, skimmed, 0.5 % fat",Milk/eggs/substitute products,0.51,0.03,-0.26,0.08,0.11,0.0,0.48,158.0,0.5,4.8,3.4
343,"Milk, skimmed, with chocolate (UHT)",Milk/eggs/substitute products,0.55,0.06,-0.15,0.08,0.11,0.01,0.65,251.0,0.5,9.3,3.5
344,"Cream, whipping, 38 % fat",Milk/eggs/substitute products,0.17,0.17,1.61,0.08,0.09,0.0,2.14,1484.0,38.0,3.0,2.1
345,"Veal, medium fat, raw",Meat/poultry,43.77,8.48,-2.66,0.14,0.63,0.0,50.36,768.0,11.3,0.0,20.0
346,Peanut butter,Prepared/preserved foods,0.49,0.43,1.39,0.42,0.11,0.01,2.85,2636.0,53.7,12.2,26.1
347,Sunflower oil,Oils/fats edible,1.95,0.87,0.37,0.56,0.0,0.01,3.76,3700.0,100.0,0.0,0.0
348,Olive oil,Oils/fats edible,1.81,0.64,0.01,0.56,0.79,0.01,3.83,3700.0,100.0,0.0,0.0
349,"Oil, rape seed (no eruca acid)",Oils/fats edible,2.46,0.47,0.33,0.56,0.0,0.01,3.84,3700.0,100.0,0.0,0.0
350,"Onions, chopped and deepfried",Fruit/vegetable products,0.37,0.25,2.49,1.04,0.15,0.01,4.3,2374.0,48.0,22.1,6.0
351,"Potato crisps, coarse",Prepared/preserved foods,0.59,0.16,3.03,0.26,0.12,0.01,4.17,2081.0,26.4,57.2,6.1
352,"Tofu, soy bean curd",Prepared/preserved foods,0.18,0.11,0.91,0.26,0.25,0.0,1.71,316.0,4.2,1.2,7.8
353,"Lentils, sprouted, raw",Vegetables,0.85,0.32,0.0,0.14,0.39,0.01,1.7,522.0,0.6,19.1,9.0
354,"Cabbage, red, canned, no sugar added",Fruit/vegetable products,0.15,0.03,0.2,0.22,0.11,0.01,0.73,82.0,0.1,2.9,0.5
355,"Tomatojuice, canned",Beverages,0.13,0.02,0.2,0.22,0.68,0.01,1.26,79.0,0.1,3.3,0.8
356,"Gherkin, pickled",Fruit/vegetable products,0.26,0.01,0.45,0.64,0.2,0.01,1.58,59.0,0.2,2.1,0.3
357,"Potatoes, mashed, instant powder with dry milk",Fruit/vegetable products,1.95,0.22,2.11,0.58,0.13,0.01,5.0,1408.0,1.1,62.5,10.9
358,"Pepper, hot chili, canned",Fruit/vegetable products,0.47,0.03,0.21,0.22,0.6,0.01,1.54,112.0,0.1,4.9,0.9
359,"Cucumber, large, pickled",Fruit/vegetable products,0.26,0.01,0.45,0.64,0.2,0.01,1.58,311.0,0.5,16.5,0.5
360,"Tomato, peeled, canned",Fruit/vegetable products,0.13,0.02,0.2,0.22,0.68,0.01,1.26,90.0,0.3,3.0,1.2
361,"Beet, red, canned",Fruit/vegetable products,0.27,0.02,0.2,0.22,0.11,0.01,0.83,255.0,0.3,11.9,1.0
362,"Potato, canned",Fruit/vegetable products,0.31,0.02,0.2,0.22,0.12,0.01,0.89,236.0,0.2,10.9,1.4
363,Potato crisps,Prepared/preserved foods,0.59,0.16,3.03,0.26,0.12,0.01,4.17,2221.0,31.9,44.9,5.4
364,"Bamboo shoots, canned, nonsalted",Fruit/vegetable products,0.27,0.06,0.24,0.22,0.4,0.01,1.21,106.0,0.1,3.2,2.6
365,"Mushroom, canned",Fruit/vegetable products,0.02,0.01,0.2,0.22,0.24,0.01,0.7,92.0,0.5,0.0,2.5
366,"French fries, deepfried, fast food",Fruit/vegetable products,0.38,0.11,1.97,0.26,0.12,0.0,2.84,1300.0,14.8,39.0,3.7
367,"Tomato paste, concentrated",Fruit/vegetable products,0.44,0.06,0.51,0.78,0.68,0.01,2.48,375.0,0.5,14.8,4.3
368,"Tomato ketchup, bottled",Seasonings/preservatives/extracts,0.42,0.04,1.02,0.42,0.11,0.01,2.01,479.0,2.4,18.4,3.0
369,"Beans, baked i tomato sauce, canned",Fruit/vegetable products,0.3,0.09,0.27,0.63,0.22,0.01,1.53,371.0,0.5,9.6,5.1
370,Potato flour,Fruit/vegetable products,0.77,0.07,0.14,0.2,0.12,0.01,1.31,1455.0,0.1,85.0,0.2
371,"Peas, green, canned",Fruit/vegetable products,0.58,0.18,0.2,0.22,0.17,0.01,1.36,314.0,0.8,7.7,5.9
372,Soya sauce,Seasonings/preservatives/extracts,0.2,-0.01,0.27,0.85,0.18,0.01,1.49,237.0,0.0,7.0,6.9
373,"Sauce, barbeque",Seasonings/preservatives/extracts,0.51,0.04,1.1,0.42,0.1,0.01,2.18,623.0,0.3,35.8,0.0
374,"Wine, white, average values",Beverages,0.31,0.07,0.4,0.41,0.68,0.01,1.87,344.0,0.0,2.6,0.1
375,"Wine, rosé",Beverages,0.31,0.07,0.4,0.41,0.68,0.01,1.87,297.0,0.0,1.4,0.2
376,"Wine, red",Beverages,0.31,0.07,0.4,0.41,0.68,0.01,1.87,321.0,0.0,0.3,0.2
377,"Wine, white, sparkling, champagne",Beverages,0.31,0.07,0.4,0.41,0.68,0.01,1.87,316.0,0.0,1.4,0.3
378,"Yeast, baker`s, compressed",Bread/bakery products,-0.0,0.26,0.92,0.2,0.07,0.0,1.45,479.0,1.9,0.0,8.4
379,Cocktail sausages,Meat/poultry,1.14,0.2,0.37,0.02,0.09,0.0,1.81,1349.0,28.0,3.4,15.0
380,Pesto,Seasonings/preservatives/extracts,0.63,0.78,1.38,0.64,0.39,0.01,3.83,1547.0,35.0,10.0,4.7
381,"Lasagne, beef, ready meals",Prepared/preserved foods,6.68,1.31,0.01,0.64,0.21,0.0,8.85,521.0,5.3,12.0,6.8
382,"Lasagne, vegetarian, ready meals",Prepared/preserved foods,0.46,0.1,0.3,0.64,0.24,0.0,1.74,324.0,3.0,9.5,2.6
383,"Daal, ready meals",Prepared/preserved foods,0.4,0.16,0.42,0.64,0.22,0.0,1.85,448.0,2.8,14.0,5.6
384,"Sushi, ready meals",Prepared/preserved foods,0.19,0.26,1.24,0.64,0.18,0.0,2.51,718.0,5.6,23.0,6.7
385,Minced chicken,Meat/poultry,2.96,0.73,-0.22,0.14,0.16,0.0,3.76,621.0,8.5,0.0,18.0
386,Pizza dough,Bread/bakery products,0.31,0.02,0.05,0.26,0.09,0.0,0.72,935.0,1.4,44.2,6.8
387,"Fresh pasta, fettucine spinach",Prepared/preserved foods,0.44,0.05,0.22,0.23,0.14,0.0,1.08,1120.0,2.5,48.0,11.0
388,Tuna salad,Seasonings/preservatives/extracts,0.07,0.42,3.64,0.24,0.12,0.0,4.5,766.0,14.0,5.1,9.4
389,Egg salad,Prepared/preserved foods,0.36,0.17,0.62,0.24,0.11,0.0,1.51,982.0,22.0,3.7,6.3
390,Meatballs,Meat/poultry,1.97,0.35,0.28,0.26,0.11,0.03,3.0,908.0,15.0,6.5,14.0
391,"Hummus, done",Seasonings/preservatives/extracts,0.53,0.29,0.16,0.24,0.28,0.0,1.5,1165.0,20.0,16.0,7.7
392,"Lasagne, vegan, ready meals",Prepared/preserved foods,0.3,0.09,0.31,0.64,0.24,0.0,1.59,476.0,4.0,13.0,5.7
393,"Pancakes, ready meals",Prepared/preserved foods,0.75,0.16,0.5,0.67,0.13,0.01,2.21,1113.0,9.6,36.5,7.5
394,Potato gratin / cream potatoes,Fruit/vegetable products,0.3,0.06,0.36,0.26,0.13,0.0,1.1,505.0,7.4,12.0,1.6
395,Kebab,Meat/poultry,31.38,6.09,-1.36,0.26,0.1,0.03,36.49,697.0,6.0,2.5,25.0
396,"Icetea, peach",Beverages,0.2,0.02,0.37,0.13,0.08,0.01,0.82,140.0,0.0,8.0,0.0
397,Energy drink,Beverages,0.14,-0.0,0.17,0.16,0.06,0.01,0.53,195.0,0.0,11.0,0.0
398,"Alcoholic soda, 4%",Beverages,0.25,-0.0,0.21,0.19,0.07,0.01,0.72,67.0,0.0,9.0,0.0
399,"Salsa, hot",Fruit/vegetable products,0.13,0.02,0.28,0.64,0.51,0.01,1.59,130.0,0.1,5.5,1.2
400,"Tortilla bread, wheat",Bread/bakery products,0.38,0.04,0.16,0.04,0.1,0.01,0.74,1300.0,7.5,51.0,8.0
401,Pizzasauce,Fruit/vegetable products,0.24,0.04,1.16,0.78,0.11,0.01,2.33,150.0,0.5,5.4,1.6
402,Pastasauce,Fruit/vegetable products,0.24,0.04,1.16,0.78,0.11,0.01,2.33,128.0,0.2,4.5,1.3
403,Coconut milk,Fruit/vegetable products,1.89,0.73,0.24,0.22,0.4,0.01,3.5,764.0,19.0,2.0,1.6
404,"Garlic baguette, frozen",Prepared/preserved foods,0.33,0.09,0.59,0.04,0.1,0.03,1.18,1244.0,14.0,36.0,5.7
405,"Muesli bar, chocolate",Cereal/grain/pulse products,0.85,0.2,0.91,0.58,0.11,0.01,2.65,1910.0,17.6,65.8,6.8
406,Cup noodles chicken,Prepared/preserved foods,0.53,0.05,0.91,0.26,0.11,0.01,1.87,335.0,3.4,10.3,1.9
407,Sliced mushrooms,Fruit/vegetable products,0.02,0.01,0.0,0.14,0.24,0.0,0.41,76.0,0.4,0.2,2.1
408,Microwave popcorn,Fruit/vegetable products,0.16,0.15,0.94,0.26,0.1,0.01,1.62,1936.0,25.0,46.4,8.4
409,Thai meal panang curry chicken,Prepared/preserved foods,0.96,0.36,0.18,0.64,0.18,0.0,2.33,638.0,4.6,21.0,6.1
410,"French fries, frost",Fruit/vegetable products,0.39,0.03,0.02,0.06,0.12,0.03,0.65,609.0,4.4,23.0,2.4
411,Pancake puffs,Bread/bakery products,0.84,0.07,-0.01,0.26,0.14,0.01,1.32,878.0,6.5,31.0,6.0
412,"Chickpeas, canned",Fruit/vegetable products,0.2,0.12,0.14,0.22,0.18,0.01,0.88,303.0,1.0,9.0,4.0
413,"Green beans, frost",Vegetables,0.62,0.13,0.03,0.06,0.55,0.03,1.42,140.0,0.0,4.1,2.0
414,"Tortilla chips, cheese",Prepared/preserved foods,0.34,0.07,1.1,0.26,0.11,0.01,1.9,2041.0,25.6,55.5,6.7
415,Asparagus slices,Fruit/vegetable products,0.34,0.12,0.28,0.22,0.49,0.01,1.46,69.0,0.1,2.2,1.3
416,Corn cob,Vegetables,0.21,0.07,0.0,0.14,0.05,0.01,0.49,443.8,2.4,22.0,3.1
417,"Arugula salad, rinsed",Prepared/preserved foods,0.13,0.03,0.0,0.26,0.05,0.0,0.48,146.0,0.7,3.7,2.6
418,Olive tapenade,Fruit/vegetable products,0.63,0.33,1.23,0.64,0.29,0.01,3.12,1040.0,25.1,3.6,1.4
419,Stuffed fresh pasta,Prepared/preserved foods,0.76,0.11,0.93,0.23,0.11,0.0,2.14,1021.0,6.0,36.0,11.0
420,Pepperoni,Meat/poultry,2.68,0.6,1.6,0.02,0.15,0.01,5.06,2153.0,49.0,1.0,19.0
421,Kidney beans,Fruit/vegetable products,0.14,0.05,0.47,0.22,0.15,0.01,1.05,299.0,1.0,9.0,5.0
422,"Chicken, whole",Meat/poultry,1.6,0.43,-0.06,0.14,0.11,0.0,2.22,635.0,8.9,0.5,18.0
423,"Chorizo, sliced",Meat/poultry,2.68,0.59,1.56,0.02,1.21,0.0,6.07,1202.0,21.0,1.0,24.0
424,Potato salad,Fruit/vegetable products,0.2,0.08,0.54,0.24,0.12,0.0,1.18,625.0,10.0,12.0,2.0
425,Cider 4.5%,Beverages,0.28,0.01,0.53,0.19,0.08,0.01,1.1,237.0,0.0,7.3,0.0
426,"Falafel, frost",Fruit/vegetable products,0.36,0.2,0.26,0.64,0.24,0.03,1.72,1220.0,12.0,24.0,7.5
427,"Potato hotchpotch, beef, ready meals",Prepared/preserved foods,10.42,2.04,0.37,0.26,0.08,0.03,13.21,616.0,5.2,14.0,10.0
428,"Potato hotchpotch, mixed meat, ready meals",Prepared/preserved foods,6.09,1.23,1.7,0.26,0.11,0.03,9.42,595.0,6.5,15.0,5.0
429,Vegetable steaks,Fruit/vegetable products,0.34,0.1,0.33,0.24,0.21,0.03,1.25,781.0,8.0,23.2,3.6
430,"Spring rolls, vegetables, ready meals",Prepared/preserved foods,0.22,0.11,0.9,0.64,0.11,0.0,1.99,723.0,7.0,22.0,3.7
431,"Spring rolls, chicken, ready meals",Prepared/preserved foods,0.47,0.15,0.85,0.64,0.11,0.03,2.24,630.0,4.7,19.2,6.5
432,"Spring rolls, beef, ready meals",Prepared/preserved foods,2.16,0.45,0.73,0.64,0.12,0.03,4.14,637.0,4.9,19.3,6.4
433,"Meatballs in curry with rice and curry sauce, ready meals",Prepared/preserved foods,0.59,0.18,0.35,0.64,0.14,0.03,1.94,538.0,6.5,13.0,4.5
434,"Leek pie with bacon, ready meals",Prepared/preserved foods,0.56,0.13,0.43,0.21,0.11,0.03,1.46,1044.0,16.0,19.0,6.0
435,"Croque monsieur, ready meals",Prepared/preserved foods,1.31,0.13,0.06,0.26,0.11,0.0,1.87,1159.0,9.6,35.0,12.0
436,Capers,Fruit/vegetable products,0.12,0.04,0.2,0.22,0.79,0.01,1.39,97.0,0.9,4.7,1.9
437,Baby corn,Fruit/vegetable products,0.05,0.03,0.14,0.32,0.07,0.01,0.61,109.0,0.1,4.0,1.4
438,Black beans,Fruit/vegetable products,0.14,0.05,0.47,0.22,0.15,0.01,1.05,303.0,0.6,8.0,5.3
439,Half peaches in juice,Fruit/vegetable products,0.21,0.04,0.46,0.22,0.75,0.01,1.7,208.0,0.1,11.2,0.5
440,Marinated artichokes,Fruit/vegetable products,0.84,0.31,0.93,0.64,0.65,0.01,3.38,278.0,5.5,2.6,1.8
441,Cornichons,Fruit/vegetable products,0.26,0.01,0.45,0.64,0.2,0.01,1.58,110.0,1.3,2.2,1.0
442,Garlic in oil,Fruit/vegetable products,0.42,0.28,0.87,0.64,0.58,0.01,2.79,1014.0,9.8,31.5,6.2
443,Half pears in juice,Fruit/vegetable products,0.2,0.03,0.45,0.22,0.12,0.01,1.04,191.0,0.1,10.5,0.3
444,Marinated grilled peppers,Fruit/vegetable products,0.22,0.37,1.2,0.64,0.46,0.01,2.89,159.0,0.9,5.5,0.9
445,"Tahin, sesame paste",Seasonings/preservatives/extracts,1.57,1.11,0.64,0.64,0.11,0.01,4.08,2784.0,61.4,10.5,21.0
446,Sundried tomatoes,Fruit/vegetable products,0.91,0.09,-0.0,0.26,0.68,0.01,1.95,851.0,15.3,12.2,2.7
447,"Red lentils, dried",Fruit/vegetable products,0.85,0.33,0.0,0.2,0.39,0.01,1.78,1520.0,6.9,49.0,20.0
448,"Ajvar, relish",Seasonings/preservatives/extracts,0.55,0.15,0.33,0.64,0.81,0.01,2.49,417.0,6.0,13.0,1.0
449,Vegan bean paste,Fruit/vegetable products,0.41,0.15,0.17,0.64,0.33,0.01,1.72,1001.0,7.6,29.0,9.7
450,"Plant paste, pea protein and mushroom",Fruit/vegetable products,0.17,0.08,0.03,0.24,0.26,0.0,0.78,887.0,16.0,5.1,11.0
451,Chilli cheese tops,Prepared/preserved foods,1.32,0.1,0.04,0.24,0.15,0.03,1.87,1064.0,13.0,25.0,8.5
452,Mozarella sticks,Prepared/preserved foods,2.67,0.15,-0.37,0.35,0.11,0.0,2.92,1341.0,18.0,20.0,18.0
453,"Chili con carne, ready meals",Prepared/preserved foods,16.96,3.31,-0.66,1.18,0.27,0.0,21.07,341.0,4.0,4.8,6.0
454,"Vegan balls, soy based",Prepared/preserved foods,0.02,0.2,0.28,0.26,0.07,0.03,0.86,750.0,10.0,3.9,15.0
455,"Vegan schnitzels, soy based",Prepared/preserved foods,0.1,0.23,1.09,0.26,0.07,0.03,1.78,963.0,13.0,13.0,13.0
456,"Vegan burgers, soy based",Prepared/preserved foods,0.04,0.19,0.26,0.26,0.07,0.03,0.85,692.0,9.0,3.9,15.0
457,"Vegan minced, pea based",Prepared/preserved foods,0.15,0.15,0.09,0.14,0.07,0.0,0.61,880.0,11.0,9.6,18.0
458,"Vegan sausages, soy based",Prepared/preserved foods,0.03,0.2,1.04,0.26,0.07,0.03,1.63,743.0,11.0,4.3,13.0
459,"Vegan nuggets, soy based",Prepared/preserved foods,0.11,0.25,0.95,0.64,0.08,0.03,2.05,903.0,10.0,15.0,14.0
460,Vegan pulled beans,Prepared/preserved foods,0.01,0.35,1.09,0.64,0.08,0.03,2.21,586.0,0.5,2.3,27.4
461,Pulled pork,Meat/poultry,2.3,0.45,0.18,0.64,0.1,0.0,3.68,534.0,6.4,1.5,16.0
462,Pulled beef,Meat/poultry,32.55,6.35,-1.42,0.64,0.1,0.0,38.22,511.0,3.6,4.0,18.0
463,Vegan chorizo,Prepared/preserved foods,0.04,0.26,0.81,0.64,0.07,0.03,1.84,744.0,10.4,4.1,14.6
464,Rice noodles,Prepared/preserved foods,0.4,0.16,0.5,0.23,0.11,0.01,1.41,1515.0,1.2,82.0,5.1
465,Jalapenos,Fruit/vegetable products,0.47,0.03,0.21,0.22,0.6,0.01,1.54,138.0,0.5,6.0,1.0
466,Taco shells,Prepared/preserved foods,0.28,0.07,1.09,0.26,0.11,0.01,1.81,2000.0,21.6,63.8,5.9
467,Mango chutney,Seasonings/preservatives/extracts,0.87,0.04,0.71,0.64,0.62,0.01,2.9,940.0,0.0,55.0,0.0
468,Green curry paste,Seasonings/preservatives/extracts,0.27,0.06,0.53,0.78,0.31,0.01,1.97,662.0,12.0,8.7,1.6
469,"Noodles, eggs",Prepared/preserved foods,0.52,0.05,0.23,0.23,0.11,0.01,1.15,1477.0,2.1,68.0,14.3
470,Rice pancakes,Cereal/grain/pulse products,0.33,0.15,0.58,0.67,0.1,0.01,1.84,1430.0,0.5,77.4,5.8
471,"Vegan ice cream, oats",Prepared/preserved foods,0.42,0.21,0.25,0.51,0.11,0.03,1.53,888.0,9.9,27.3,1.2
472,Vegan mayo,Seasonings/preservatives/extracts,0.08,0.29,1.96,0.64,0.09,0.01,3.07,2572.0,68.8,0.9,0.6
473,Mushroom burger,Prepared/preserved foods,0.05,0.24,0.45,0.64,0.08,0.0,1.47,679.0,7.1,4.1,19.0
474,Vegan cold cuts,Fruit/vegetable products,1.19,0.37,0.61,0.02,0.14,0.0,2.34,680.0,14.0,1.3,7.8
475,Vegan block,Milk/eggs/substitute products,-0.0,0.13,0.55,0.24,0.05,0.0,0.97,2804.0,75.0,0.5,0.5
476,Magarine,Oils/fats edible,-0.0,0.32,2.31,0.24,0.05,0.0,2.93,2237.0,60.0,0.5,0.5
477,Vegan bacon,Prepared/preserved foods,0.03,0.25,-0.24,0.14,0.06,0.0,0.25,880.0,5.9,3.2,35.3
478,Vegan fillet pieces,Prepared/preserved foods,0.01,0.3,1.0,0.64,0.07,0.03,2.04,655.0,4.7,1.2,22.5
479,Falafel mince,Prepared/preserved foods,0.36,0.2,0.24,0.64,0.24,0.0,1.68,655.0,4.1,20.0,6.5
480,Pea drink,Milk/eggs/substitute products,0.06,0.03,0.23,0.1,0.06,0.01,0.48,45.0,3.1,3.8,0.5
481,Portobello mushroom,Vegetables,0.01,0.01,0.0,0.14,0.19,0.01,0.36,137.0,1.5,5.1,2.5
482,"Food grain, kamut",Cereal/grain/pulse products,0.58,0.08,0.16,0.2,0.12,0.01,1.15,1390.0,2.0,63.5,13.9
483,Chili Sauce,Seasonings/preservatives/extracts,0.48,0.0,0.38,0.64,0.31,0.01,1.82,975.0,0.7,55.1,0.6
484,Red onion,Vegetables,0.18,0.04,0.0,0.06,0.6,0.01,0.9,209.0,0.3,10.0,1.6
485,"Basil, fresh",Vegetables,0.13,0.03,0.0,0.06,0.05,0.01,0.3,92.11,0.6,2.7,3.2
486,"Basil, dried",Seasonings/preservatives/extracts,0.91,0.13,-0.0,2.72,0.68,0.01,4.44,1012.0,4.0,10.1,23.0
487,Cold buttermilk soup,Milk/eggs/substitute products,0.58,0.04,0.09,0.13,0.11,0.01,0.97,315.0,2.2,11.0,3.2
488,"Beef, low fat ",Meat/poultry,31.94,6.05,-2.4,0.14,0.13,0.0,35.86,570.0,5.5,0.5,21.0
489,Grilled sausages,Meat/poultry,1.14,0.2,0.37,0.02,0.09,0.0,1.81,1201.0,25.0,4.0,12.0
490,Apple juice,Beverages,0.32,0.02,0.61,0.31,0.37,0.01,1.64,183.0,0.5,10.0,0.5
491,Minced lamb,Meat/poultry,24.01,6.26,-4.22,0.14,0.11,0.0,26.3,639.0,14.0,0.0,20.0
492,Burger buns,Bread/bakery products,0.38,0.04,0.16,0.04,0.1,0.01,0.74,1258.0,5.6,53.0,8.6
493,Blue cheese,Milk/eggs/substitute products,2.67,0.15,-0.37,0.35,0.11,0.0,2.92,1623.0,36.0,0.1,17.0
494,Goat cheese,Milk/eggs/substitute products,2.67,0.15,-0.37,0.35,0.11,0.0,2.92,1393.0,28.0,1.0,20.0
495,"Vegan cheese, grated or sliced",Milk/eggs/substitute products,0.07,0.12,0.39,0.35,0.07,0.01,1.0,1037.0,17.0,22.8,1.3
496,"Samosa, vegetarian frost",Prepared/preserved foods,0.29,0.09,0.4,0.24,0.13,0.03,1.17,791.0,10.2,21.3,3.0
497,Cold chocolate,Candy/sugar products,1.83,0.34,2.52,0.38,0.11,0.01,5.18,2403.0,40.0,44.0,8.9
498,"Nutella, nut cream",Candy/sugar products,1.68,0.44,1.32,0.42,0.1,0.01,3.97,2278.0,31.6,57.6,6.0
499,"Smoothie, strawberry blueberry",Beverages,0.4,0.07,0.1,0.31,1.29,0.0,2.16,183.0,0.0,9.5,0.4
